groupid,group_parent,group_img,group_hidden,group_filename,group_minagemonths,group_maxagemonths,group_gender,group_catid,group_order,group_keywords,group_metadesc,group_metatitle,group_desc,group_name,group_minlevelforsee,
"55264","35384","69931/images/Hire_Flooring___Carpets_Category_HIB.jpg"," ","Party_Hire_Auckland_Red_Carpets_Dance_Floors.html","0","0","_","101","100","","","Hire Red Carpets Dance Floors & Marquee Floors at PartyZone 09 4421442 ","Temporary Marquee Floors, Dance Floors, Carpets, Red Ropes","Hire Floors Carpets & Barriers","0",
"23577","0",," ",,"0","0","_","0","-1","","",,,"New Items","0",
"13333","13297","69931/images/101164/Category_hats.jpg",,"party-supplies_hats.html","0","0","_","99","100","Party Supplies Hats Headpieces Head Bands","Party Hats, Headpieces and Head Bands","Party Hats, Headpieces and Head Bands at PartyZone 09 4421442","","Hats, Headpieces & Head Bands","0",
"13394","13357","69931/images/101164/Category_30th.jpg",,"30th_Wedding-anniversary_party_supplies.html","0","0","_","97","6","30 wedding anniversary birthday party supplies banner balloon decorations","30th Birthday and Wedding Anniversary Party Supplies","30th Birthday and Wedding Anniversary Party Supplies at PartyZone 09 4421442 ","","30th","0",
"54165","13354","69931/images/Space_Odyssey.jpg"," ","Space-Odyssey-Party-Supplies.html","0","0","_","104","100","","","Party Supplies Space Odyssey at PartyZone 09 4421442 ",,"Space Odyssey","0",
"21441","13354","69931/images/101164/Category_Batman.jpg"," ","Batman_Party_Supplies.html","0","0","_","104","100","Batman Party Supplies","Batman Childrens Part Supplies","Batman Party Supplies at PartyZone 09 4421442 ","","Batman","0",
"112516","13354","69931/images/101164/categories/Category_Ninja_Turtles.jpg"," ",,"0","0",,"0","100",,,,,"Teenage Mutant Ninja Turtles","0",
"13273","13269","69931/images/101164/Category_Karaoke.jpg",,"Party_Hire_Auckland_Karaoke_Hire.html","0","0","_","101","100","Karaoke Hire Auckland","Karaoke Hire in the Auckland Area","Karaoke Hire at PartyZone 09 4421442 ","Karaoke Hire - big or small functions","Karaoke Hire","0",
"13392","13357","69931/images/101164/Category_18th.jpg",,"16th-and-18th-birthday-party_supplies.html","0","0","_","97","1","Birthday Party 18 balloons banner decorations","18th Birthday Party Supplies","16th & 18th Birthday Party Supplies at PartyZone 09 4421442 ",,"16th & 18th","0",
"13328","13295","69931/images/101164/Category_Napkins.jpg",,"Party_Supplies_Paper_Napkins.html","0","0","_","103","100","Party Supplies Napkins Serviettes","Party Napkins - Lots of Colours and Designs","Party Supplies Paper Napkins at PartyZone 09 4421442",,"Napkins","0",
"13269","0","69931/images/101164/Category_Party_Hire.jpg",,"Party-Hire-Auckland.html","0","0","_","101","1","Party Hire Auckland Jukeboxes Karaoke PA Systems Disco Lights Microphones Speakers Disco Lights Bubble Smoke Machines Tables Cake Tins","Hire Jukeboxes Lights Effects and Tables here","Party Hire Auckland Jukeboxes Lights effects and tables at PartyZone 09 4421442 ","Jukeboxes Audio Lights Popcorn Maker Cake Tins","Party Hire Auckland","0",
"13292","0","69931/images/101164/Category_Balloons.jpg",,"Balloons.html","0","0","_","104","6",,"Balloons & Helium Gas","Balloons & Helium Gas at PartyZone 09 4421442",,"Balloons & Helium Gas","0",
"21034","13354","69931/images/101164/Category_Sponge_Bob.jpg",,"Spongebob_party_supplies.html","0","0","_","104","100","Sponge Bob Children's Party supplies","Sponge Bob Children's Party supplies","Sponge Bob Children's Party supplies at PartyZone 09 4421442 ","","SpongeBob","0",
"20027","13354","69931/images/101164/Category_1st.jpg",,"1st_birthday_.themes.html","0","0","_","100","100",,"1st Birthday Themes and Party Supplies","1st Birthday Themes and Party Supplies at PartyZone 09 4421442 ",,"1st Birthday","0",
"13315","13293","69931/images/101164/Category_Centrepiece.jpg",,"Table_centrepieces.html","0","0","_","100","100",,"Table Centrepiece Party Decorations","Table Centre Pieces at PartyZone 09 4421442 ",,"Table Centrepieces","0",
"19045","13270","69931/images/101164/Category_Coolers.jpg",,"Inflatable_Drink_Cooler.html","0","0","_","100","100","Party Supplies Dring Coolers Inflatable","Inflatable Drink Coolers - includes some really funky ones","Inflatable Drink Coolers at PartyZone 09 4421442","Inflatable drink coolers - some really funky ones","Coolers","0",
"13373","13354","69931/images/101164/Category_Cars.jpg",,"disney-cars-party-supplies.html","0","0","_","104","100","Disney Cars Childrens Party Ware Supplies Amscan Scene Setters Room Border Rolls Add-Ons","Disney Cars Childrens Party Ware","Disney Cars Childrens Party Ware at PartyZone 09 4421442 ","","Disney Cars & Cars 2","0",
"34152","13354","69931/images/0/Category_Dora.jpg"," ","Dora-the-Explorer_party_supplies.html","0","0","_","104","100","Dora Explorer Childrens Party","Dora the Explorer Childrens Party","Dora the Explorer Childrens Partyware at PartyZone 09 4421442 ",,"Dora the Explorer","0",
"17204","13292","69931/images/101164/Category_Balloon_Kitset.jpg",,"Helium_Balloon_Kit.html","0","0","_","100","100",,"Helium Balloon Kit","Helium Balloon Kit - DIY at PartyZone 09 4421442 ","Everything You Need. Delivery Auckland area only","Helium Balloon Kit - DIY","0",
"13276","13269","69931/images/101164/Category_PA___Speakers.jpg",,"Sound_Hire.html","0","0","_","101","100","Party Hire Auckland PA System Speaker ","PA System and Speaker Hire in the Auckland area","Sound Hire","Sound hire, PA Systems, Microphones etc for every function","Sound Hire","0",
"16520","13292","69931/images/101164/Category_Helium.jpg",,"Helium-Cylinder-hire.html","0","0","_","100","100","Party Supplies Helium Balloon Gas Hire","Helium Balloon Gas & Cylinder Hire","Helium Cylinder Hire at PartyZone 09 4421442 ","Delivery Auckland only. Large sizes available.","Helium Cylinders (Balloon Gas)","0",
"13377","13354","69931/images/101164/Category_Jungle_Party.jpg",,"Jungle-Party_supplies.html","0","0","_","104","100","Jungle Children's Party Supplies","Jungle Children's Party Supplies","Jungle Children's Party Supplies at PartyZone 09 4421442 ","","Jungle & Jungle Buddies","0",
"13332","13297","69931/images/101164/Category_Wigs.jpg",,"Party_Supplies_Wigs.html","0","0","_","99","100","Party Supplies Wigs","Party Wigs - Huge selection","Party Wigs at PartyZone 09 4421442","","Wigs, Moustaches & Beards","0",
"13340","13354","69931/images/Category_Games.jpg",,"party-games.html","0","0","_","102","100",,,"Party Games for Children at PartyZone 09 4421442",,"Party Games for Children","0",
"13359","13353","69931/images/101164/Category_Luau.jpg",,"Luau-Hawaii-Parties.html","0","0","_","104","11","Luau Part Supplies Decorations Amscan Scene Setters Add-Ons Border Room Rolls ","Luau Part Supplies","Luau / Hawaii Part Supplies at PartyZone 09 4421442 ",,"Luau / Hawaii","0",
"13337","13295","69931/images/categories/Category_Party_Bags.jpg",,"Party-supplies_Bags.html","0","0","_","103","100","Party Supplies Loot Bags","Party Loot Bags - Plain and for Lots of Themes","Party Bags & Loot Bags at PartyZone 09 4421442 ","Loot Bags, Paper bags","Party Bags","0",
"13385","13354","69931/images/101164/Category_Winnie_the_Pooh.jpg",,"Winnie-The-Pooh_party_supplies.html","0","0","_","104","100","Winnie The Pooh Children's Party supplies","Winnie The Pooh Children's Party supplies","Winnie The Pooh Children's Party supplies at PartyZone 09 4421442 ","","Winnie The Pooh","0",
"18257","13269","69931/images/101164/Category_Cake_Tins.jpg",,"cake_tin_hire.html","0","0","_","98","100","Cake Tin Party Hire Auckland","Cake Tin Hire basic shape cake tin hire number cake tin hire theme cake tin hire","Cake Tin Hire at PartyZone 09 4421442",,"Cake Tin Hire","0",
"13326","13270","69931/images/101164/Category_Glasses_Tankards___bar.jpg",,"Yard-glass_party_supplies.html","0","0","_","103","100","Glasses Tankards Bar Yard Glasses","Glasses, Tankards & Bar - includes Yard Glasses","Glasses, Tankards & Bar at PartyZone 09 4421442 ","","Glasses, Yardies & Bar","0",
"13327","13295","69931/images/101164/Category_cups.jpg",,"Party_Supplies_Plastic_Cups.html","0","0","_","103","100","Party Supplies Cups","Party Cups","Party Supplies Plastic & Paper Cups at PartyZone 09 4421442",,"Cups Plastic and Paper","0",
"13317","13293","69931/images/101164/Category_Foil_Curtains.jpg",,"Party_supplies_Foil_curtain.html","0","0","_","100","100","Foil Curtain Party Supplies decorations","Foil Curtain Party decorations","Foil Curtain Party decorations at PartyZone 09 4421442","","Foil Curtains","0",
"13272","13269","69931/images/101164/Category_Juke_boxes.jpg",,"Jukebox-Hire.html","0","0","_","101","100","Digital Juke Box Hire Auckland Wurlitzer Sound Leisure","Juke Box Hire in the Auckland area","Jukebox Hire at PartyZone 09 4421442","The best on the Planet","Jukebox Hire","0",
"13369","13354","69931/images/101164/Category_Thomas.jpg",,"Thomas-The-Tank-Engine_party_supplies.html","0","0","_","104","100","Thomas Children's Party supplies","Thomas Children's Party supplies","Thomas Children's Party supplies at PartyZone 09 4421442 ","","Thomas The Tank Engine","0",
"56859","13354","69931/images/Category_Dr_Seuss.jpg"," ","Dr_Seuss_Childrens_Party_Supplies_at_Partyzone.html","0","0","_","104","100","","","Dr Seuss Childrens Party Supplies at PartyZone ph 09 4421442","","Dr Seuss","0",
"13419","13293","69931/images/101164/Category_Cut_Outs.jpg",,"Party-Signs_supplies.html","0","0","_","100","100","Cut Out Party decorations Supplies","Cut Out Party decorations","Cut Out Party decorations at PartyZone 09 4421442 ","","Cutouts","0",
"13319","13270","69931/images/101164/Category_Noise_Makers.jpg",,"children's-birthday-party-supplies.html","0","0","_","100","100","Party Supplies Noise Makers Horns Blow Outs","Party  Noise Makers, Horns, Blow Outs etc","Party  Noise Makers at PartyZone 09 4421442","","Noise Makers","0",
"20504","13270","69931/images/101164/Category_Inflatables.jpg",,"Party-Inflatables_supplies.html","0","0","_","100","100","Inflatable Party Supplies Decorations Drink Coolers ","Inflatable Party Decorations, Drink Coolers and some really fun items","Inflatable Party Decorations at PartyZone 09 4421442 ","Coolers and fun items","Inflatables","0",
"61836","13354","69931/images/Category_Ladybug.jpg"," ","Ladybug-party-supplies.html","0","0","_","104","100",,,"Lady Bug Party Supplies at PatyZone 094421442",,"Ladybug & Insects","0",
"29509","13270","69931/images/categories/Category_Invitations.jpg"," ","Party-Invitations.html","0","0","_","102","100","Party Invitations","Party Invitations","Party Invitations at PartyZone 09 4421442","","Invitations","0",
"13304","13292","69931/images/101164/Category_Balloon_Accessories.jpg",,"Balloon-Supplies.html","0","0","_","97","100",,"Balloon Supplies and  Accessories","Balloon Supplies and  Accessories at PartyZone 09 4421442 ",,"Balloon Accessories","0",
"13308","13292","69931/images/101164/Category_Balloons_5in.jpg",,"Small_Balloons.html","0","0","_","100","100",,"Small Balloons ","Small Balloons ","Suitable for air fill only. Great for bunches and table decorations.","Balloons - Small (125mm)","0",
"20065","13357","69931/images/101164/Category_25th.jpg",,"25th-anniversary-party_supplies.html","0","0","_","97","5","25 silver wedding anniversary party supplies balloons banner decorations","25th Wedding Anniversary Party Supplies","25th Wedding Anniversary Party Supplies at PartyZone 09 4421442 ","","25th/Silver","0",
"35467","35384","69931/images/Category_Table_Skirts.jpg"," ","Auckland_Party_Hire-Table-Skirts.html","0","0","_","101","100","Hire Table Skirts Linen Weddings Birthdays Events","Hire Table Skirts for Weddings Birthdays & Special Events","Hire Table Skirts for Weddings Birthdays & Special Events at PartyZone 09 4421442 ","","Hire Table Skirts","0",
"54479","13269","69931/images/101164/categories/Popcorn_and_hot_dog_Machine.jpg"," ","Party_Hire_Auckland_Popcorn-machine.html","0","0","_","101","100",,,"Popcorn & Hot Dog Machine Hire from PartyZone 09 4421442",,"Popcorn Machine and Hot Dog Steamer Hire","0",
"67993","13354","69931/images/Category_Diggin_for_Dino.jpg"," ","Diggin_for_Dino_Part_Supplies.html","0","0","_","104","100",,,"Diggin For Dino Party Supplies at PartZone 09 4421442","","Diggin For Dino","0",
"55262","35384","69931/images/Hire_Cutlery_Category_HIB.jpg"," ","Party_Hire_Auckland_Cutlery_Knives_Forks_Spoons.html","0","0","_","101","100",,"Party Hire Auckland Cutlery Knives Forks Spoons at PartyZone 09 4421442","Party Hire Auckland Cutlery Knives Forks Spoons at PartyZone 09 4421442","Hire Knives, forks, spoons etc","Hire Cutlery & Serving Items","0",
"55271","35384","69931/images/Hire_Vases___candelabra_Category_HIB.jpg"," ","Auckland_Party_Hire_Candelabras_Vases.html","0","0","_","101","100",,,"Hire Vases & candelabras at PartyZone 09 4421442","","Hire Vases & Candelabras","0",
"55272","35384",""," ","Party_Hire_Auckland_Conference_equipment.html","0","0","_","101","100",,,"Hire projector screen & conference equipment PartyZone 09 4421442","","Hire Conference & Office","0",
"55269","35384",""," ","Party_Hire_Auckland_Umbrellas.html","0","0","_","101","100",,,"Hire Umbrellas at PartyZone 09 4421442","","Hire Outdoor Accessories","0",
"55267","35384","69931/images/Hire_Platters___baskets_Category_HIB.jpg"," ","Auckland_Party_Hire_Platters.html","0","0","_","101","100",,,"Hire platters and baskets at PartyZone 09 4421442","","Hire Platters & Baskets","0",
"68140","13353","69931/images/categories/Category_Party_Scene_Investigation.jpg"," ","Party_Supplies_Scene_Investigation.html","0","0","_","104","13",,,"PSI Party Scene Invstigation - who dunnit fun stuff at PartyZone 09 4421442",,"PSI Party Scene Investigation","0",
"54152","13354","69931/images/Category_Under_the_Sea.jpg"," ","Childrens-party-theme-Under-The-Sea_supplies.html","0","0","_","104","100","","","Childrens Party Theme Under the Sea Childrens themes at PartyZone 09 4421442 ","Party Ware","Under The sea","0",
"34330","13354","69931/images/0/Camo_Category_Picture.jpg"," ","Camoflage-Childrens-Party-Supplies.html","0","0","_","104","100","Camoflage Childrens Party Supplies","Camoflage Childrens Party Supplies","Camoflage Childrens Party Supplies at PartyZone 09 4421442 ","","Camoflage","0",
"13274","13269","69931/images/101164/Category_Lights___Smoke.jpg",,"Light-Hire.html","0","0","_","101","100",,"Hire Party Lights Hire Laser Lights Hire Fairy Lights Disco Lights and Hire- Sound activated Lights, Black Lights, Strobe Lights, Smoke, Bubble","Lights Hire and Effects at PartyZone 09 4421442 ","Many options","Lights Hire & Effects","0",
"28688","13354","69931/images/101164/Category_Championship_Soccer.jpg"," ","Soccer-Childrens-Party_supplies.html","0","0","_","104","100","Soccer Children's Party supplies","Soccer Children's Party supplies","Soccer / Football Children's Party supplies at PartyZone 09 4421442 ",,"Soccer / Football","0",
"13295","0","69931/images/101164/Category_Tableware.jpg",,"Disposable_Tableware.html","0","0","_","103","11","Party Supplies Tableware","Party Tableware","Disposable Tableware at PartyZone 09 4421442 ",,"Disposable Tableware Bags Boxes","0",
"35441","35384","69931/images/Category_Event_Hire_a.jpg"," ","Marquee_Hire_Auckland.html","0","0","_","101","100",,"Hire Marquees for Weddings Birthdays & Special Events","Marquee Hire Auckland for Weddings Birthdays big and small ao PartyZone 09 4421442",,"Hire Tents & Marquees","0",
"35466","35384","69931/images/Category_Table_Runners.jpg"," ","Auckland_Party_Hire_Chair_accents_Table_Runners.html","0","0","_","101","100","Hire Table Runners Linen Weddings Birthdays Events","Hire Table Runners for Weddings Birthdays & Special Events","Hire Table Runners & chair accents for Weddings Birthdays & Special Events at PartyZone 09 4421442 ","","Hire Runners & Chair Accents","0",
"35439","35384","69931/images/Category_Table_Cover_Square.jpg"," ","Auckland_Party_Hire-Linen-Square-Table-Covers.html","0","0","_","101","100","Hire Square Table Covers Linen Weddings Birthdays Events","Hire Square Table Covers for Weddings Birthdays & Special Events","Hire Square Table Covers for Weddings Birthdays & Special Events","","Hire Table Covers - Square","0",
"35431","35384","69931/images/Category_Overlays.jpg"," ","Auckland_Party_Hire-Table-Overlays.html","0","0","_","101","100","Hire Table Linen Overlays Weddings Birthdays Events","Hire Table Overlays for Weddings Birthdays & Special Events","Hire Table Overlays for Weddings Birthdays & Special Events at PartyZone 09 4421442 ","","Hire Table Overlays","0",
"13296","13270","69931/images/101164/Category_Candles.jpg",,"Birthday-Candles.html","0","0","_","100","100",,"Birthday and Party Candles - Novelty and Numbers - Big Range","Birthday and Party Candles - big range at PartyZone 09 4421442",,"Candles","0",
"13381","13354","69931/images/101164/Category_Disney_Fairies.jpg",,"Disney-Fairies_party_supplies.html","0","0","_","104","100","Disney Fairies Children's Party Supplies Tinkerbell","Disney Fairies Children's Party Supplies","Disney Fairies Children's Party Supplies at PartyZone 09 4421442 ","","Disney Fairies & Fairies","0",
"13374","13354","69931/images/101164/Category_Dinosaurs.jpg",,"dinosaur-theme-party_supplies.html","0","0","_","104","100","Dinosaur Children's Party Supplies","Dinosaur Children's Party Supplies","Dinosaur Children's Party Supplies at PartyZone 09 4421442 ","","Dinosaurs","0",
"84213","13295","69931/images/categories/Noodle_Box_Category.jpg"," ","Noodle_box.html","0","0","_","101","100",,"Noodle Boxes and Party Boxes at PartyZone 09 4421442","See Noodle Boxes and Party Boxes at PartyZone 09 4421442",,"Noodle Boxes & Food Boxes","0",
"84214","13295","69931/images/categories/Category_Plates.jpg"," ","Plastic_Plates.html","0","0","_","101","100",,"Disposable & Plastic Plates in lots of colours","Disposable & Plastic Plates in lots of colours at PartyZone 09 4421442",,"Plates Plastic and Paper","0",
"48257","13269","69931/images/Category_Sammy_the_Steam_Train.jpg"," ","sammy-the-childrens-ride-on-toy-steam-train.html","0","0","_","101","100","Sammy Rideon Train Ride Fundraiser School Gala Thomas the Tank Engine","Childrens Ride On Train for Birthdays School Galas Fundraisers ","Sammy the Childrens Ride on Toy Steam Train at PartyZone 09 4421442 ","He toots, blows smoke and chuffs around - the littleies love him - fabulous fund raiser!!","Sammy the Steam Train","0",
"13387","13353","69931/images/101164/Category_Hens_Night.jpg",,"Hen-Parties.html","0","0","_","104","1","Hen Party ","Hen Party Supplies","Hen Party Supplies at PartyZone 09 4421442 ",,"Hen & Stag Party","0",
"13401","13357","69931/images/101164/Category_100th.jpg",,"100th-birthday-party-supplies.html","0","0","_","97","13","100 Birthday Party Supplies","100th Birthday Party Supplies","100th Birthdayat PartyZone 09 4421442 r","","100th","0",
"60860","13354","69931/images/Category_Little_Mermaid.jpg"," ","Little-mermaid-party-supplies.html","0","0","_","104","100",,,"Little Mermaid supplies - PartyZone 09 4421442","","Little Mermaid","0",
"67995","13354","69931/images/Category_Elmo.jpg"," ","Elmo_Party_Supplies.html","0","0","_","104","100",,,"Elmo Party Supplies at PartyZone 09 4421442","","Elmo / Sesame St","0",
"56845","13354","69931/images/Category_Star_Wars.jpg"," ","Star-Wars-Party-Supplies.html","0","0","_","104","100",,,"Star Wars Party Supplies at PartyZone 09 4421442","","Star Wars","0",
"96997","13270",," ",,"0","0",,"0","100",,,,,"Batteries","0",
"60452","13354","69931/images/Category_Bob_the_Builder.jpg"," ","bob_the_builder_party_supplies.html","0","0","_","104","100","","","Bob the Builder party supplies at PartyZone 09 4421442 ",,"Bob the Builder","0",
"13293","0","69931/images/101164/Category_Decorations.jpg",,"Party-Decorations.html","0","0","_","100","8","Party Supplies Centre Pieces Banners Confetti Scatters Flags Bunting Cut Outs Foil Curtains Hanging Decor Signs Spangles Streamers Fun Tapes","Centre Pieces, Banners, Confetti, Scatters, Flags, Bunting, Cut Outs, Foil Curtains, Hanging Decor, Signs, Spangles, Streamers & Fun Tapes","Party Decorations PartyZone 09 4421442 ",,"Decorations","0",
"35384","0","69931/images/Category_Event_Hire_a.jpg"," ","Wedding_Hire.html","0","0","_","97","17","Hire Marquee Table Chair Dinnerware Cutlery Glasses Linen","Hire Marquees Dinnerware Tableware Glasses Tables Chairs Linen Cutlery","Wedding Hire at PartyZone 09 4421442","Everything for your Wedding","Wedding & Event Hire","0",
"54551","13354","69931/images/All_Blacks.jpg"," ","All-Blacks-Rugby-Party-Supplies.html","0","0","_","104","100","","","All Blacks Rugby Party Supplies at PartyZone 09 4421442 ",,"All Blacks and Rugby","0",
"87377","13353","69931/images/categories/Kiwipong.jpg"," ","Beerpong_drinking_game.html","0","0",,"0","19",,,"Beerpong drinking game tables and cups at PartyZone 09 4421442","Tables, Cups & everything you need","Kiwipong - Beerpong","0",
"13393","13357","69931/images/101164/Category_21st.jpg",,"21st.html","0","0","_","97","4",,"21st Birthday Party Supplies Decorations","21st Birthday Party Supplies at PartyZone 09 4421442 ",,"21st","0",
"13338","13293","69931/images/101164/Category_Scene_Setters.jpg",,"party-themes.html","0","0","_","100","100","Amscan Scene Setter Party decorations Room Border Roll Add-Ons","Amscan Scene Setter Party decorations - easy to set the scene","Amscan Scene Setter Party decorations","Fabulous instant themes for all ages","Scene Setters - Instant Themes","0",
"85613","13354","69931/images/categories/Disney_Planes_Category.jpg"," ","Disney_Planes_Partyware.html","0","0",,"0","100",,,"Disney Planes Partyware at PartyZone 09 4421442",,"Disney Planes","0",
"35462","35384","69931/images/Category_Linen_Trestle.jpg"," ","Auckland_Party_Hire-Linen-Trestle-Table-Covers.html","0","0","_","101","100","Hire Linen Trestle Table Covers Weddings Birthdays Events","Hire Trestle Table Covers for Weddings Birthdays & Special Events","Hire Trestle Table Covers for Weddings Birthdays & Special Events at PartyZone 09 4421442 ","","Hire Table Covers - Trestle","0",
"13416","13293","69931/images/101164/Category_Cascade.jpg",,"Birthday-party_decorations_supplies.html","0","0","_","100","100","Cascade Party Supplies Decorations","Cascade Party Decorations","Cascades and Hanging Party Decorations at PartyZone 09 4421442","","Hanging Decorations","0",
"76761","13354","69931/images/categories/Category_Angry_Birds.jpg"," ","Party_Supplies_Angry_BIrds.html","0","0","_","104","100",,,"Childrens Party Supplies Angry Birds at PartyZone 4421442",,"Angry Birds","0",
"76594","13354","69931/images/categories/Fire_Fighter_Category.jpg"," ","Fire_Fighter_Party_Supplies.html","0","0","_","104","100",,,"Fire Fighter party supplies at PartyZone 09 4421442",,"Fire Fighter","0",
"13339","13270","69931/images/101164/Category_Pinatas.jpg",,"Party_Supplies_Pinatas.html","0","0","_","100","100","Party Supplies Pinatas","Party Pinatas - Traditional Designs and Current Party Themes","Party Pinatas - big range - at PartyZone 09 4421442","Ready to fill pinatas.","Pinatas","0",
"55268","35384","69931/images/Category_tables_and_chairs.jpg"," ","Auckland_Party_Hire_Tables_Chairs.html","0","0","_","101","100",,"Hire Tables and Chairs & all your party & event needs at PartyZone 09 4421442","Hire Tables and Chairs at PartyZone 09 4421442","","Hire Tables & Chairs","0",
"20714","13270","69931/images/101164/Category_Poppers.jpg",,"party_supplies_poppers.html","0","0","_","100","100","Party Suppliers Poppers","Party Poppers - Always good fun","Party Poppers at PartyZone 09 4421442",,"Poppers & Confetti Cannons","0",
"13316","13293","69931/images/101164/Category_Spangles.jpg",,"party-decoration.html","0","0","_","100","100","Spangles Party Supplies Decorations","Spangles Party Decorations","Spangles Party Decorations at PartyZone 09 4421442","Great for Table Decorations etc - Huge Range","Spangles and Sprays","0",
"55263","35384","69931/images/Hire_Bar___Acccessories_Category_HIB.jpg"," ","Auckland_Party_Hire_Bar.html","0","0","_","101","100","","","Hire portable bar & accessories at PartyZone 09 4421442","Portable Bars and all the stuff you need","Hire Bar & Accessories","0",
"66750","13292","69931/images/categories/Error: ILLEGAL Illegal src filename!"," ","Balloon_Bobbers_exterior_balloons_at_PartyZone.html","0","0","_","115","100","","","Attention grabbing exterior balloons at PartyZone 09 4421442 .","Exterior balloons last for months - no helium required.","Balloon Bobbers (Exterior)","0",
"55505","35384","69931/images/categories/Category_Spits_and_BBQ_s.jpg"," ","Auckland_Party_Hire_BBQ_Spits.html","0","0","_","101","100",,,"Hire BBQ, Spit etc at PartyZone 09 4421442",,"Hire BBQ's,Spits & Heaters","0",
"13306","13292","69931/images/101164/Category_Custom_Printed_Balloons.jpg",,"Print_Balloons.html","0","0","_","100","100",,"Print balloons to order with custom designs for promotions and parties","Print balloons to order with custom designs for promotions and parties","Ask for a quote.","Print Balloons (Custom)","0",
"22070","0",""," ","Mothers-Day.html","0","0","_","0","-1","Mother's Day","Mother's Day","Mother's Day supploies at PartyZone 09 4421442 ","","Mothers Day","0",
"13324","13295","69931/images/101164/Category_Cutlery.jpg",,"Party_Supplies_Disposable_tableware.html","0","0","_","103","100","Party Supplies Cutlery","Party Cutlery","Party Supplies Disposable Cutlery at PartyZone 09 4421442",,"Cutlery, Picks, Stirrers, Straws","0",
"20823","13270","69931/images/101164/Category_Cake_Boards____Decorations.jpg",,"cake-decorations_party_supplies.html","0","0","_","98","100","Party Supplies Cake Boards Doilies Stands Figurines Decorations","Cake Boards, Doilies Stands Figurines and Decorations","Cake Boards, Stands, Figurines & Decorations at PartyZone 09 4421442","","Cake Boards, Decorations etc","0",
"49355","0","69931/images/Category_World_Cup___All_Blacks.jpg"," ","All-Blacks-Rugby-Sports-Team-Party-Supplies.html","0","0","_","104","3","","","All Blacks Rugby Sports Teams Party Supplies at PartyZone 09 4421442 ",,"All Blacks, Rugby & Sports","0",
"84979","13353","69931/images/categories/USA_Category.jpg"," ",,"0","0","_","104","17",,,,,"US Stars and Stripes","0",
"13391","0","69931/images/101164/Category_halloween.jpg",,"Halloween_supplies.html","0","0","_","97","14","Halloween Party Spider Webs Rats Sheletons Amscan Scene Setters Add-Ons Room Rolls ","Halloween Part Supplies","Halloween / Horror Party Supplies at PartyZone 09 4421442",,"Halloween / Horror","0",
"13367","13353","69931/images/101164/Category_Masquerade.jpg",,"Masquerade-ideas.html","0","0","_","104","12","Masquerade Party Supplies Masks","Masquerade Party Supplies","Masquerade  Ideas and Party Supplies at PartyZone 09 4421442 ",,"Masquerade","0",
"20985","13353","69931/images/101164/Category_Awards___Hollywood.jpg",,"Hollywood-theme-party-supplies.html","0","0","_","104","3",,"Awards Night / Hollywood Party Supplies","Awards Night / Hollywood Party Supplies at PartyZone 09 4421442 ","","Awards Night / Hollywood","0",
"67764","13354","69931/images/Category_Spiderman_4.jpg"," ","Spiderman_4_party_supplies.html","0","0","_","104","100",,,"Spiderman 4 Party Supplies at PartyZone 09 4421442",,"Spiderman","0",
"13363","13353","69931/images/101164/Category_Rock_N_Roll.jpg",,"Rock-a-party_supplies.html","0","0","_","104","15","Rock and Roll Party Supplies Decorations Amscan Scene Setters Room Border Rolls Add-Ons Cut Outs ","Rock and Roll Party Supplies","Rock and Roll Party Supplies at PartyZone 09 4421442 ",,"Rock and Roll and 50's","0",
"13354","0","69931/images/101164/Category_Children_s_Themes.jpg",,"Childrens-Party-Supplies.html","0","0","_","100","7","Childrens Party Pirate Jungle Dinosaurs Thomas Barbie Ben 10 Princess Sponge Bob Cars Batman Mickey Mouse Bob the Builder Winnie the Pooh Retro Rocket My Little Pony ","All the popular Childrens Party Themes including Pirate Jungle Dinosaurs Thomas Barbie Ben 10 Princess Sponge Bob Cars Batman Mickey Mouse Bob the Builder Winnie the Pooh Retro Rocket My Little Pony ","Childrens Party Supplies - All the popular Childrens Party Themes at PartyZone 09 4421442 ",,"Childrens Parties","0",
"55265","35384","69931/images/AKHIB_Glass_Category.jpg"," ","Glass_Hire.html","0","0","_","101","100",,"Glass Hire Wine Glasses Flutes Martini Glasses ","Glass Hire Wine Glasses Flutes Martini Glasses call PartyZone 09 4421442",,"Hire Glasses","0",
"35445","35384","69931/images/Category_Chair_Covers.jpg"," ","Hire-Chair-Covers-Weddings-Birthdays-Events.html","0","0","_","101","100","Hire Chair Covers Weddings Birthdays Events","Hire Chair Covers for Weddings Birthdays & Events","Hire Chair Covers for Weddings Birthdays & Events at PartyZone 09 4421442 ","","Hire Chair Covers","0",
"55266","35384","69931/images/Hire_Catering_Equip_Category_HIB.jpg"," ","Auckland_Party_Hire_Catering_Equipment.html","0","0","_","101","100",,,"Catering equipment for hire at PartyZone 094421442","Chafing Dishes, Cooking Pots, Urns, Hot Plates, Pie Warmers etc","Hire Catering Equipmt","0",
"55261","35384","69931/images/Hire_Crockery_Category_HIB.jpg"," ","Party_Hire_Auckland_Crockery_Plates.html","0","0","_","101","100",,"Hire plates bowls cups, saucers and everything else for your party at Partyzone 09 4421442","Hire Plates, bowls, cups etc at PartyZone 09 4421442","Plates, bowls, cups, saucers etc","Hire Crockery","0",
"35464","35384","69931/images/Category_Napkins___Sundries.jpg"," ","Party_Hire_Auckland_Napkins.html","0","0","_","101","100","Hire Napkins Weddings Birthday Events","Hire Napkins for Weddings Birthdays & Special Events","Hire Napkins for Weddings Birthdays & Special Events at PartyZone 09 4421442 ","","Hire Napkins & Sundries","0",
"35461","35384","69931/images/Category_Table_Cover_Round.jpg"," ","Auckland_Party_Hire_Linen_Round_Table_Covers.html","0","0","_","101","100","Hire Round Table Covers Linen Weddings Birthdays Events","Hire Round Table Covers for Weddings Birthdays & Special Events","Hire Round Table Covers for Weddings Birthdays & Special Events at PartyZone 09 4421442 ","","Hire Table Covers - Round","0",
"13400","13357","69931/images/101164/Category_90th.jpg",,"Party_supplies_for-90th.html","0","0","_","97","12","900 Birthday Party Supplies banner Balloons","90th Birthday Party Supplies","90th Birthday Party Supplies at PartyZone 09 4421442 ","","90th","0",
"13399","13357","69931/images/101164/Category_80th.jpg",,"Party_supplies_for-80th.html","0","0","_","97","11","80 Birthday Party Supplies Banners Balloons","Party Supplies for 80th Birthday","80th Birthday Party Supplies at PartyZone 09 4421442 ","","80th","0",
"13325","13295","69931/images/101164/Category_Tablecovers.jpg",,"Party_Table_cloth.html","0","0","_","103","100",,"Party Table Covers - big colour range","Party Table Cloth at PartyZone 09 4421442","Table Cloth/Covers in lots of colours and designs","Table Cloth/Covers & Runners","0",
"13372","13354","69931/images/101164/Category_Pirates.jpg",,"Pirate-Party_supplies.html","0","0","_","104","100","Pirates Party Supplies","Pirates Party Supplies","Pirates Party Supplies at PartyZone 09 4421442 ","","Pirates","0",
"23557","13354","69931/images/categories/Category_Mickey_Mouse.jpg"," ","Mickey-Mouse-party-supplies.html","0","0","_","104","100","Mickey Mouse Childrens Party Supplies","Mickey Mouse Childrens Partyware","Mickey Mouse party supplies at PartyZone 09 4421442 ",,"Mickey & Minnie Mouse","0",
"13390","0","69931/images/101164/Category_Christmas.jpg",,"Christmas_Decorations.html","0","0","_","104","12","Christmas Xmas Decorations","Christmas Party Decorations and Partyware","Christmas & New Year call PartyZone 09 4421442",,"Christmas & New Year","0",
"13389","0","69931/images/101164/Category_Wedding.jpg",,"Wedding_accessories.html","0","0","_","97","16","Wedding Party Cake Decorations Garter Balloons Bubbles  ","Wedding Part Supplies","Wedding accessories at PartyZone 09 4421442",,"Wedding Supplies","0",
"92006","13297","69931/images/categories/Category_SFX_Zombies.jpg"," ","Special_effects_makeup.html","0","0",,"0","100",,,"SFX Makeup & prosthetics Mehron and Woochie brands at PartyZone 09 4421442",,"Special Effects Make Up Zombies","0",
"13320","13270","69931/images/101164/Category_Bubbles.jpg",,"Party_Supplies_Bubbles.html","0","0","_","100","100","Party Supplies Bubbles","Party Bubbles ","Party Bubbles at PartyZone 09 4421442 ","","Bubbles & Stampers","0",
"16199","13297","69931/images/101164/Category_Dressup_Kits.jpg",,"Party_Supplies_costume_accessories.html","0","0","_","99","100","Dress Up Kits Party supplies","Dress Up Kits - the extra things to go with your costume","Dressup Kits at PartyZone 09 4421442","Ears, Tails, Wings etc etc","Dressup Kits","0",
"20955","13297","69931/images/101164/Category_Costume_accessories.jpg",,"party_supplies_costumes.html","0","0","_","99","100","Costume Accessories","Costume Accessories ","Costume Accessories at PartyZone 09 4421442 ","","Costume Accessories","0",
"20951","13354","69931/images/101164/Category_Zorro.jpg",,"zorro_party_supplies.html","0","0","_","104","100","Zorro Party Supplies","Zorro Party Supplies","Zorro Party Supplies at PartyZone 09 4421442 ","","Zorro","0",
"13380","13354","69931/images/101164/Category_Disney_Princess.jpg",,"princess-party-favours_supplies.html","0","0","_","104","100","Disney Princess Children's Party Supplies Amscan Scene Setters Room Border Rolls Add-Ons","Disney Princess Children's Party Supplies","Disney Princess Children's Party Supplies at PartyZone 09 4421442 ","","Disney Princess","0",
"20942","13297","69931/images/101164/Category_Costumes.jpg",,"costume_accessories_party_supplies.html","0","0","_","99","100","Party Supplies Costumes Fancy Dress","Party Costumes & Fancy Dress","Costume Accessories Party Costumes & Fancy Dress  at PartyZone 09 4421442 ",,"Costumes","0",
"82297","13269","69931/images/categories/Category_Projectors.jpg"," ","Hire_projectors_Screens_Auckland.html","0","0","_","101","100",,,"Projector & Screen Hire at PartyZone ph 09 4421442",,"Projectors and Screen Hire","0",
"13300","13292","69931/images/101164/Category_Balloons_11in_Plain.jpg",,"Helium-Balloons.html","0","0","_","100","100",,"Helium Balloons","Helium Balloons at PartyZone 09 4421442 ","These are the ""normal"" size balloons.","Balloons - Helium Quality","0",
"85439","0","69931/images/categories/Religous_Category.jpg"," ",,"0","0",,"0","16",,,,,"Religious / Christening etc","0",
"13395","13357","69931/images/101164/Category_40th.jpg",,"40th_birthday_party_supplies.html","0","0","_","97","7","40 birthday Ruby Wedding Anniversary Party Supplies decorations banner balloon ","40th Birthday Ruby Wedding Party Supplies including decorations banners balloons","40th Birthday Ruby Wedding Party Supplies at PartyZone 09 44221442 ","","40th / Ruby","0",
"20991","13297","69931/images/101164/Category_Tattoo.jpg",,"Party_Supplies_Fancy_Dress_Ideas.html","0","0","_","99","100","Party Supplies Tattoos","Party Tattoos","Party Tattoos at PartyZone 09 4421442","","Tattoos","0",
"19003","13292","69931/images/101164/Category_Custom_Made_Decorations.jpg",,"Balloon_decorations.html","0","0","_","100","100","Balloon Decorations To Order","Balloon Decorations for Parties, Weddings etc","Balloon Decorations To Order for Parties, Weddings etc at PartyZone 09 4421442 ","Creations made to Order","Balloon Decorations To Order","0",
"17343","13300","69931/images/categories/Category_Printed_Balloons_revised.jpg",,"Qualatex-balloons.html","0","0","_","100","100",,"Printed and Special Balloons Themes and Designs","Party Balloons Printed with Themes and Designs at PartyZone 09 4421442 ","Printed Balloons with ages and designs from Dancing Cows to Hearts!","Helium Balloons - Printed","0",
"13334","13297","69931/images/101164/Category_Masks.jpg",,"Masquerade-party_Masks_supplies.html","0","0","_","99","100","Party Supplies Masks Masquerade Halloween","Party Masks for Masquerade, Halloween etc","Party Masks for Masquerade, Halloween etc at PartyZone 09 4421442","Great range from Phantom to Zorro and some very exotic Masquerade ones too!","Masks","0",
"19566","0","69931/images/101164/Category_Love.jpg",,"Valentines_gifts.html","0","0","_","97","15","Balloon in a box Love","Balloons andf Balloon in a Box to Express Your Love","Valentines Gifts to Express Your Love at PartyZone 09 4421442",,"Valentines Gifts & Love","0",
"22184","0","69931/images/101164/Category_Engagement.jpg"," ","Engagement_Party.html","0","0","_","101","13","Engagement Party Banner Balloons ","Engagement Party Supplies","Engagement Party Supplies call PartyZone 09 4421442",,"Engagements","0",
"91292","13354","69931/images/categories/Category_Transformers.jpg"," ",,"0","0",,"0","100",,,,,"Transformers","0",
"104002","13292","69931/images/categories/Category_Modelling_Balloons_260Q.jpg"," ","Modelling_Balloons.html","0","0",,"0","100",,,"Modelling Balloons for Twisting into Animals at PartyZone 09 4421442","Balloons for twisting","Modelling Balloons","0",
"104010","13300","69931/images/categories/Category_Helium_Balloons_Individual.jpg"," ","Qualatex_Balloons_helium_quality.html","0","0",,"0","100",,,"Qualatex Helium quality balloons - flat or with helium fill - mix and match","Buy from 1 to 100's mix and match either flat or filled. We use Qualatex.","Balloons Helium - Individual","0",
"104005","13300","69931/images/categories/Pack_of_25_BTG.jpg"," ","Helium_balloons_in_packs.html","0","0",,"0","100",,,"Helium quality balloons in packs of 25 or 100 at PartyZone 09 4421442","Excellent quality helium balloons - good floating time","Balloons Helium - Packets","0",
"104017","13354","69931/images/categories/Category_Disney_Frozen.jpg"," ","Frozen_Party_Supplies.html","0","0",,"0","100",,,"Disney Frozen party supplies at PartyZone 094421442",,"Disney Frozen","0",
"23085","13270","69931/images/101164/Category_Glow_Sticks.jpg"," ","Party_Supplies_Glow_Sticks_wristbands.html","0","0","_","100","100","Party Supplies Glow Sticks","Glow Sticks are Great Fun - ours are good quality and glow for a long time","Glow Sticks Wristbands Ice cubes at PartyZone 09 4421442",,"Glowsticks & Wristbands etc","0",
"13314","13293","69931/images/101164/Category_Confetti_Scatters.jpg",,"Table-scatters_party_supplies.html","0","0","_","100","100","Confetti Scatters Party Supplies Decorations","Confetti and Scatters for Party Decorations","Confetti and Scatters for Party Decorations at PartyZone 09 4421442 ","","Confetti/Scatters","0",
"13311","13293","69931/images/101164/Category_Banners_Flags___Bunting.jpg",,"Birthday-Party-Banners-Flags-Bunting.html","0","0","_","100","100","Banners Flags and Bunting Party Supplies decorations","Banners Flags and Bunting Party decorations","Banners Flags & Bunting Party decorations at PartyZone 09 4421442 ","","Banners, Flags & Bunting","0",
"13310","13293","69931/images/101164/Category_Streamers___Fun_Tapes.jpg",,"birthday-party_supplies_tapes.html","0","0","_","100","100","Streamers Fun Tapes Party Supplies decorations","Streamers & Fun Tapes for Party decorations","Streamers & Fun Tapes for Party decorations at PartyZone 09 4421442 ","Big range of 25 & 50M Rolls - All Sorts of Messages","Streamers & Fun Tapes","0",
"23558","13354","69931/images/categories/Category_Ben_10.jpg"," ","Ben-10_party_supplies.html","0","0","_","104","100","Ben 10, Childrens Party Supplies","Ben 10 Partyware","Ben 10 PartyWare at PartyZone 09 4421442 ","","Ben 10","0",
"109540","13354","69931/images/101164/categories/Wall_Deco_Marvel_Avenger.jpg"," ","Marvel_Avengers.html","0","0",,"0","100",,,"Marvel Avengers partyware at Partyzone 09 4421442",,"Marvel Avengers","0",
"114690","13293","69931/images/101164/categories/LED_Lights_category.jpg"," ","LED_decorative_lights_for_weddings.mtml.html","0","0",,"0","100",,,"Decorative LED lights for beautiful wedding centrepieces & table decoartions at PartyZone 09 4421442","LED lights for table & floral decorations - low voltage.","LED Decorative Lights","0",
"13303","13292","69931/images/101164/Category_Foil_Balloons.jpg",,"Foil-Helium-Balloons.html","0","0","_","100","100","Foil Balloons In a Box Helium Gas ","Foil Balloons and Ballon In a Box","Foil Balloons at PartyZone 09 4421442 ","Huge Range in store - we can't show them all as they change so often - please ask about these.","Foil Balloons & Bubbles","0",
"114790","13295","69931/images/101164/categories/Spots_and_Stripes_Category.jpg"," ",,"0","0",,"0","100",,,,,"Stripes and Dots","0",
"114932","13297","69931/images/101164/categories/Photo_Props_Category.jpg"," ",,"0","0",,"0","100",,,,"Great fun or selfies","Photo Props","0",
"113452","13353","69931/images/101164/categories/1930s_Gangster_Theme.jpg"," ",,"0","0",,"0","2",,,,,"1930s Gangsters and Jazz","0",
"13360","13353","69931/images/101164/Category_Disco.jpg",,"Disco-party_supplies.html","0","0","_","104","7","Disco Party Supplies Amscan Scene Setters Room Border Rolls Add-Ons Cut Outs Decorations ","Disco Party Supplies","Disco Party Supplies at PartyZone 09 4421442 ",,"Disco, 60's and 70's","0",
"13396","13357","69931/images/101164/Category_50th.jpg",,"Party_supplies_for-50th.html","0","0","_","97","8","50 birthday Party Golden Wedding Party Supplies balloons banner decorations  ","50th Birthday / Golden Wedding Anniversary Party Supplies","50th Birthday / Golden Wedding Anniversary Party Supplies at PartyZone 09 4421442 ",,"50th / Over the Hill / Gold","0",
"54203","13353","69931/images/International_Flag.jpg"," ","Party-Supplies-International-Flags.html","0","0","_","104","10","","","Party Supplies International Flag Party Supplies at PartyZone 09 4421442 ",,"International Flags","0",
"13357","0","69931/images/101164/Category_Adult_Birthdays___Anniversaries.jpg",,"Adult-Birthday.html","0","0","_","97","4","16 18 21 25 30 40 50 60 70 80 90 100 Silver Ruby Gold Adults Birthday Parties ","Adult Birthdays & Anniversaries 16 to 100","Adult Birthday & Anniversaries 16 to 100 at PartyZone 09 4421442 ","16th to 100th","Adult Birthday & Anniversary","0",
"13398","13357","69931/images/101164/Category_70th.jpg",,"for-70th-birthday.html","0","0","_","97","10","70 Birthday Party Wedding anniversary supplies","70th Birthday Party / Wedding Anniversary Party Supplies","70th Birthday Party / Wedding Annive rsary Party Supplies at PartyZone 09 4421442 ","","70th","0",
"13368","13353","69931/images/101164/Category_Racing.jpg",,"Racing-Party-supplies.html","0","0","_","104","14","Racing Party Supplies Chequered Flag Banner","Racing Party Supplies","Racing Party Supplies at PartyZone 09 4421442 ","","Racing / Black White Check","0",
"84971","13353","69931/images/categories/80_s_Category.jpg"," ","80s_party.html","0","0","_","104","8",,"80s party decorations","80s party decorations Graffiti and Arcade styles at PartyZone 09 4421442",,"80's Graffiti and Arcade","0",
"20286","13353","69931/images/101164/Category_Baby_Shower.jpg",,"Baby-Shower_party_supplies.html","0","0","_","104","4","Baby Shower Party Supplies Banner balloons ","Baby Shower Party supplies","Baby Shower Party supplies at PartyZone 09 4421442 ","","Baby Shower","0",
"13397","13357","69931/images/Category_60th_and_65th.jpg",,"Party_supplies_for_60th.html","0","0","_","97","9","60 birthday Party Diamond Wedding Anniversary Banner Balloon decorations ","60th Birthday / Diamond Wedding Anniversary Party Supplies","60th Birthday / Diamond Wedding Anniversary Party Supplies at PartyZone 09 4421442 ","","60th / Diamond / 65th","0",
"13270","0","69931/images/101164/Category_Party_Supplies.jpg",,"Party-Supplies.html","0","0","_","97","10","Party Decorations Themes Candles Wigs Masks Hats Amscan Theme Setters Tableware","Everything you need for a great party - decorations, dressups & costumes, themes, flags, banners, candles etc...","Party Supplies at PartyZone 09 4421442 ",,"Party Supplies & Products","0",
"66698","13353","69931/images/British_Union_Jack_Category.jpg"," ","British-Union-Jack-party_supplies.html","0","0","_","104","5",,"British Union Jack party supplies and all your party needs at PartyZone 09 4421442 ","British Union Jack party supplies at PartyZone 09 4421442 ",,"British / Union Jack","0",
"13362","13353","69931/images/101164/Category_Fiesta.jpg",,"Fiesta-Party-Decorations-supplies.html","0","0","_","104","9","Fiesta Party Supplies Amscan Scene Setters Add-Ons Border Room Rolls Decorations ","Fiesta Party Supplies","Fiesta Party Supplies at PartyZone 09 4421442 ","","Fiesta","0",
"19783","13353","69931/images/101164/Category_St_Patricks_Day.jpg",,"St-Patricks_party_supplies.html","0","0","_","104","16","St Patricks Day Party Supplies Hats Decorations Banner Shamrock","St Patricks Day Party Supplies","St Patricks Day Party Supplies at PartyZone 09 4421442 ","","St Patricks Day / Irish","0",
"20979","13353","69931/images/101164/Category_Casino.jpg",,"Casino-Party-Decorations.html","0","0","_","104","6",,"Casino Party Supplies","Casino Party Supplies at PartyZone 09 4421442 ","","Casino Party","0",
"13297","0","69931/images/101164/Category_Dressup.jpg",,"Costume_Accessories.html","0","0","_","101","9","Party Supplies Costumes Masks Wigs Tattoos Hats Moustaches Beards ","Party Costumes, Masks, Wigs, Tattoos, Hats, Moustaches, Beards and Lots of Accessories","Costumes accessories, Masks, Wigs, Tattoos, Hats, Moustaches, Beards & Lots of Accessories",,"Costume Dressup and Makeup SFX","0",
"13353","0","69931/images/101164/Category_Adult_Themes.jpg",,"Party_Themes.html","0","0","_","101","5","Cowboy Western Luau Disco Rock & Roll 50's 60's 70's Casino Masquerade Fiesta","Party Themes including Western Luau Disco Rock & Roll 50's 60's 70's Casino Masquerade Fiesta","Party Themes for Adults and lots more at PartyZone 09 4421442 ",,"Party Themes for Adults","0",
"20981","13353","69931/images/101164/Category_Western_Cowboy.jpg",,"Cowboy-party-hats.html","0","0","_","104","18","Western Cowboy Party Supplies Decorations Amscan Scene Setters Room Border Rolls Add-Ons Cut Outs","Western Cowboy Party Supplies","Western Cowboy Party Supplies at PartyZone 09 4421442 ","","Western / Cowboy","0",